{
  "components" : [
    {
      "name" : "Raw data",
      "description" : "Block to describe the raw-data that will be input from files or manually",
      "executable" : false,
      "outports" : [
        {
          "port" : "raw-data",
          "name" : "raw-data"
        }
      ],
      "language" : "JSON",
      "code" : "",
      "tests" : ""
    },
    {
      "name" : "Model",
      "description" : "Model that will be used by the simulation",
      "executable" : false,
      "inports": [
        {
          "port" : "Pre-processed data",
          "name" : "Pre-processed data"
        }
      ],
      "outports" : [
        {
          "port" : "model",
          "name" : "model"
        }
      ],
      "language" : "EMF",
      "code" : "no code",
      "tests" : "node code"
    },
    {
      "name" : "Processing",
      "description" : "Block used to make light computing on data",
      "executable" : true,
      "inports" : [
        {
          "port": "data to process",
          "name": "data to process"
        }
      ],
      "outports" : [
        {
          "port" : "processed data",
          "name" : "processed data"
        }
      ],
      "language" : "Python",
      "code" : "\n\n#Use the function below to choose the data you want to send to the next node.\n#Add each variable between the parenthesis. They will be accessible from the next node with the name you choose.\n# Be carefull not to override them on the next node.\n# Exemple : sendTheseDataToNextNodes(foo = a, toto = toto)\n# will make a accessible on the next node with name foo, so you can\n# use foo as an already existing var, and toto will be usable as toto.\n# !! To send a, you can't juste write (a), please write (a=a)\nsendTheseDataToNextNodes()",
      "tests" : ""
    },
    {
      "name" : "Simulation",
      "description" : "Block used to make simulation",
      "executable" : true,
      "inports" : [
        {
          "port": "model to simulate",
          "name": "model to simulate"
        }
      ],
      "outports" : [
        {
          "port" : "simulation results",
          "name" : "simulation results"
        }
      ],
      "language" : "Python",
      "code" : "\n\n#Use the function below to choose the data you want to send to the next node.\n#Add each variable between the parenthesis. They will be accessible from the next node with the name you choose.\n# Be carefull not to override them on the next node.\n# Exemple : sendTheseDataToNextNodes(foo = a, toto = toto)\n# will make a accessible on the next node with name foo, so you can\n# use foo as an already existing var, and toto will be usable as toto.\n# !! To send a, you can't juste write (a), please write (a=a)\nsendTheseDataToNextNodes()",
      "tests" : ""
    },
    {
      "name" : "Visualisation",
      "description" : "Block used to visualise results on charts",
      "executable" : false,
      "inports" : [
        {
          "port": "data to visualize",
          "name": "data to visualize"
        }
      ],
      "language" : "Javascript",
      "code" : "",
      "tests" : ""
    }
  ]
}